次数,日期,方案名称,药物,剂量,WBC,PLT,HGB,恶心呕吐,肝毒性,其他,疗效
25,2014.11.21,白蛋白联合奈达铂,白蛋白结合型紫杉醇,200,,,,,,,
27,2014.12.02,白蛋白联合奈达铂,白蛋白结合型紫杉醇,200,,,,,,,
29,2014.12.30,D,白蛋白紫杉醇,200,,,,,,,
4,2013.03.12,AC,铂尔定,600,I,,,,,,SD
6,2013.04.08,AC,铂尔定,600,,,,,,,
8,2013.05.04,AC,铂尔定,600,I,,,,,,
10,2013.06.03,AC,铂尔定,600,,,,,,,
11,2013.07.12,放疗,放疗全颅,333,,,,,,,
12,2015.02.05,放疗,放疗全颅,222,,,,,,,
1,2013.02.08,GC,吉西他滨,25,II,,,腹泻,,,
2,2013.02.08,GC,卡铂,700,II,,,腹泻,,,
3,2013.03.12,AC,力比泰,830,I,,,,,,SD
5,2013.04.08,AC,力比泰,830,,,,,,,
7,2013.05.04,AC,力比泰,830,I,,,,,,
9,2013.06.03,AC,力比泰,830,,,,,,,
14,2013.08.13,A,力比泰,830,,,,,,,
15,2013.11.22,A,力比泰,830,,,,,,,
16,2013.12.25,A,力比泰,830,,,,,,,
18,2014.08.14,A+吉非替尼,力比泰,830,,,,,,,
20,2014.09.04,A+易瑞沙,力比泰,830,,,,,,,
22,2014.09.25,A+易瑞沙,力比泰,830,,,,,,,
24,2014.10.16,A,力比泰,830,,,,,肝功能损害,,
26,2014.11.21,白蛋白联合奈达铂,奈达铂,100,,,,,,,
28,2014.12.02,白蛋白联合奈达铂,奈达铂,100,,,,,,,
13,2013.07.10,A,赛珍,830,,,,,,,
17,2014.01.02,易瑞沙,易瑞沙,555,,,,,,,
19,2014.08.14,A+吉非替尼,易瑞沙,250,,,,,,,
21,2014.09.04,A+易瑞沙,易瑞沙,333,,,,,,,
23,2014.09.25,A+易瑞沙,易瑞沙,222,,,,,,,
